,Negative,Neutral,Positive,Open,High,Low,Close,Volume,next_close
2023-01-02,0.2320788689141504,0.6269836925019167,0.1409374306554366,1627.0,1639.75,1618.550048828125,1628.699951171875,2190689.0,1639.3499755859375
2023-01-03,0.1755563134621632,0.6081486472958013,0.2162950315757801,1622.199951171875,1643.0,1622.199951171875,1639.3499755859375,4189015.0,1610.050048828125
2023-01-04,0.1755563134621632,0.6081486472958013,0.2162950315757801,1635.0,1645.75,1607.0,1610.050048828125,5175800.0,1599.699951171875
2023-01-05,0.1932197364803869,0.6134014028486692,0.1933788559528895,1615.0,1618.050048828125,1589.4000244140625,1599.699951171875,5470718.0,1594.4000244140625
2023-01-06,0.2358631056477315,0.6014861399059495,0.1626507582608609,1602.0,1609.0999755859375,1578.199951171875,1594.4000244140625,4546231.0,1594.4000244140625
2023-01-07,0.2367626447005257,0.6062610483457965,0.156976297257408,1602.0,1609.0999755859375,1578.199951171875,1594.4000244140625,4546231.0,1594.4000244140625
2023-01-08,0.2390738313551992,0.6816142960451543,0.0793118705332744,1602.0,1609.0999755859375,1578.199951171875,1594.4000244140625,4546231.0,1597.5
2023-01-09,0.2390738313551992,0.6816142960451543,0.0793118705332744,1596.0,1611.550048828125,1590.0,1597.5,5364670.0,1568.300048828125
2023-01-10,0.1975713378311065,0.6462777696765405,0.1561508694344223,1600.0,1600.0,1565.0,1568.300048828125,8185883.0,1590.9000244140625
2023-01-11,0.1975713378311065,0.6462777696765405,0.1561508694344223,1567.949951171875,1598.0,1560.0,1590.9000244140625,7597899.0,1599.4000244140625
2023-01-12,0.1975713378311065,0.6462777696765405,0.1561508694344223,1587.800048828125,1603.9000244140625,1584.1500244140625,1599.4000244140625,4625035.0,1600.6500244140625
2023-01-13,0.1998526793798261,0.6276468468221048,0.1725004641003369,1598.75,1609.9000244140625,1586.0,1600.6500244140625,4622273.0,1600.6500244140625
2023-01-14,0.114079751323202,0.5645572269528076,0.3213630353004254,1598.75,1609.9000244140625,1586.0,1600.6500244140625,4622273.0,1600.6500244140625
2023-01-15,0.259659743069538,0.542851024972541,0.1974892355834266,1598.75,1609.9000244140625,1586.0,1600.6500244140625,4622273.0,1585.300048828125
2023-01-16,0.259659743069538,0.542851024972541,0.1974892355834266,1615.0,1621.300048828125,1580.300048828125,1585.300048828125,7374047.0,1608.9000244140625
2023-01-17,0.1541717275498715,0.631708276751515,0.2141199989438898,1589.800048828125,1611.0,1577.5,1608.9000244140625,5393177.0,1637.300048828125
2023-01-18,0.1523277186667203,0.6252663448864332,0.2224059340492621,1605.0,1641.5999755859375,1599.699951171875,1637.300048828125,9545321.0,1644.0999755859375
2023-01-19,0.1803726475540749,0.6455273469910026,0.1741000053041906,1637.0,1650.0,1633.0,1644.0999755859375,5586081.0,1660.949951171875
2023-01-20,0.1248938806027581,0.6394622425315901,0.2356438787450315,1644.0999755859375,1669.0,1643.4000244140625,1660.949951171875,9421702.0,1660.949951171875
2023-01-21,0.251765774992796,0.4878112483196534,0.2604229944274545,1644.0999755859375,1669.0,1643.4000244140625,1660.949951171875,9421702.0,1660.949951171875
2023-01-22,0.1354883935207246,0.5494345677452106,0.3150770303186481,1644.0999755859375,1669.0,1643.4000244140625,1660.949951171875,9421702.0,1673.0999755859375
2023-01-23,0.1367835642881764,0.6338131471177725,0.2294032901129502,1666.25,1682.5999755859375,1661.4000244140625,1673.0999755859375,7722200.0,1695.5
2023-01-24,0.1174472886243764,0.6622790796800128,0.2202736224899587,1675.050048828125,1702.4000244140625,1675.0,1695.5,12491970.0,1648.6500244140625
2023-01-25,0.2131063487297718,0.6339824119972628,0.152911222054327,1691.4000244140625,1692.949951171875,1645.300048828125,1648.6500244140625,7352071.0,1648.6500244140625
2023-01-26,0.2639781975417352,0.5217599801764619,0.2142618333284811,1691.4000244140625,1692.949951171875,1645.300048828125,1648.6500244140625,7352071.0,1615.800048828125
2023-01-27,0.2639781975417352,0.5217599801764619,0.2142618333284811,1632.0,1637.0,1589.949951171875,1615.800048828125,17589974.0,1615.800048828125
2023-01-28,0.2598785877853515,0.6023288981523365,0.1377925190754467,1632.0,1637.0,1589.949951171875,1615.800048828125,17589974.0,1615.800048828125
2023-01-29,0.18199008256488,0.6520905653014779,0.1659193408195278,1632.0,1637.0,1589.949951171875,1615.800048828125,17589974.0,1614.1500244140625
2023-01-30,0.1904091146833466,0.6279676038472132,0.1816232722980537,1595.0,1625.300048828125,1582.0,1614.1500244140625,9256411.0,1603.5
2023-01-31,0.1904091146833466,0.6279676038472132,0.1816232722980537,1619.699951171875,1622.699951171875,1595.0,1603.5,9298122.0,1627.550048828125
2023-02-01,0.1904091146833466,0.6279676038472132,0.1816232722980537,1624.0,1665.0,1606.0,1627.550048828125,8651395.0,1603.3499755859375
2023-02-02,0.1904091146833466,0.6279676038472132,0.1816232722980537,1608.0999755859375,1624.5,1588.75,1603.3499755859375,8748553.0,1658.800048828125
2023-02-03,0.1926444729338626,0.6197044396454968,0.1876510723051046,1611.0,1660.5,1607.0,1658.800048828125,7205550.0,1658.800048828125
2023-02-04,0.1926444729338626,0.6197044396454968,0.1876510723051046,1611.0,1660.5,1607.0,1658.800048828125,7205550.0,1658.800048828125
2023-02-05,0.1894965357173027,0.6726754604735308,0.1378280136268585,1611.0,1660.5,1607.0,1658.800048828125,7205550.0,1651.75
2023-02-06,0.2214516707711542,0.6049775654574235,0.1735707764762142,1660.0,1669.4000244140625,1646.199951171875,1651.75,5583836.0,1654.199951171875
2023-02-07,0.2214516707711542,0.6049775654574235,0.1735707764762142,1659.4000244140625,1664.9000244140625,1632.5999755859375,1654.199951171875,5132294.0,1654.0
2023-02-08,0.2067938128581651,0.6391340223062469,0.1540721640529402,1654.25,1668.199951171875,1650.0,1654.0,4222413.0,1650.550048828125
2023-02-09,0.2687683414741094,0.5805010032118036,0.1507306301709934,1660.0,1661.6500244140625,1635.550048828125,1650.550048828125,5888668.0,1657.0999755859375
2023-02-10,0.2817355631660851,0.5611847125236755,0.1570797204849836,1648.800048828125,1658.5,1642.199951171875,1657.0999755859375,4086058.0,1657.0999755859375
2023-02-11,0.3792328466360847,0.4403090499221317,0.1804581132356918,1648.800048828125,1658.5,1642.199951171875,1657.0999755859375,4086058.0,1657.0999755859375
2023-02-12,0.3278014593210221,0.5540035291499382,0.1181949910179182,1648.800048828125,1658.5,1642.199951171875,1657.0999755859375,4086058.0,1658.3499755859375
2023-02-13,0.1976877900873092,0.6481462479266641,0.1541659565908567,1655.0,1661.75,1644.550048828125,1658.3499755859375,2868472.0,1673.699951171875
2023-02-14,0.2362437575707532,0.5767848797102448,0.1869713560082218,1665.0,1677.5,1657.949951171875,1673.699951171875,5454296.0,1670.300048828125
2023-02-15,0.1742168905296628,0.6341790950724057,0.1916040079934255,1678.0,1678.0,1656.75,1670.300048828125,5719356.0,1664.25
2023-02-16,0.1824321542866527,0.672346169874072,0.1452216666005551,1673.199951171875,1681.9000244140625,1661.0,1664.25,4031250.0,1655.9000244140625
2023-02-17,0.2343570926685869,0.6177985000389593,0.1478444071900513,1661.0,1668.1500244140625,1642.949951171875,1655.9000244140625,4478135.0,1655.9000244140625
2023-02-18,0.2706203989285443,0.6213426815611975,0.1080369137759719,1661.0,1668.1500244140625,1642.949951171875,1655.9000244140625,4478135.0,1655.9000244140625
2023-02-19,0.2026813162067953,0.600382795165244,0.1969358680377665,1661.0,1668.1500244140625,1642.949951171875,1655.9000244140625,4478135.0,1640.3499755859375
2023-02-20,0.2026813162067953,0.600382795165244,0.1969358680377665,1660.0,1669.449951171875,1634.800048828125,1640.3499755859375,4043353.0,1646.5
2023-02-21,0.1911567572186156,0.6577955531233018,0.1510476934871092,1640.0,1662.3499755859375,1634.0,1646.5,6194648.0,1614.199951171875
2023-02-22,0.2021083924987181,0.6337981121976254,0.1640934822244515,1639.0,1641.949951171875,1609.050048828125,1614.199951171875,5179551.0,1603.25
2023-02-23,0.305202903166237,0.5376677979538972,0.1571292935467853,1613.0,1618.8499755859375,1592.0999755859375,1603.25,13941005.0,1588.949951171875
2023-02-24,0.2530247801035081,0.6076112593502991,0.1393639479435726,1617.9000244140625,1617.9000244140625,1585.199951171875,1588.949951171875,8530870.0,1588.949951171875
2023-02-25,0.2530247801035081,0.6076112593502991,0.1393639479435726,1617.9000244140625,1617.9000244140625,1585.199951171875,1588.949951171875,8530870.0,1588.949951171875
2023-02-26,0.4105172929664453,0.5177445919977294,0.0717381192578209,1617.9000244140625,1617.9000244140625,1585.199951171875,1588.949951171875,8530870.0,1592.9000244140625
2023-02-27,0.2132017721902602,0.6113780160936025,0.1754202101773653,1585.9000244140625,1599.0,1577.300048828125,1592.9000244140625,7156486.0,1599.5999755859375
2023-02-28,0.3460983024150461,0.5282564278517803,0.1256452665845159,1592.0,1605.300048828125,1588.699951171875,1599.5999755859375,9496996.0,1598.050048828125
2023-03-01,0.2052141882954259,0.6237375015261197,0.1710483047998312,1612.0,1613.0,1595.75,1598.050048828125,7068628.0,1584.449951171875
2023-03-02,0.3066448240548555,0.6012818650571538,0.0920732984372765,1594.0,1605.949951171875,1582.0,1584.449951171875,8695907.0,1615.9000244140625
2023-03-03,0.3066448240548555,0.6012818650571538,0.0920732984372765,1596.0,1620.0,1588.0,1615.9000244140625,7493117.0,1615.9000244140625
2023-03-04,0.3066448240548555,0.6012818650571538,0.0920732984372765,1596.0,1620.0,1588.0,1615.9000244140625,7493117.0,1615.9000244140625
2023-03-05,0.3066448240548555,0.6012818650571538,0.0920732984372765,1596.0,1620.0,1588.0,1615.9000244140625,7493117.0,1627.300048828125
2023-03-06,0.3924695231790582,0.5485154579823407,0.0590150349710781,1620.0,1639.449951171875,1618.050048828125,1627.300048828125,13502355.0,1627.300048828125
2023-03-07,0.3484912799999545,0.5308569412312059,0.1206517816124269,1620.0,1639.449951171875,1618.050048828125,1627.300048828125,13502355.0,1630.550048828125
2023-03-08,0.2758711031874862,0.5665416414770534,0.1575872473718629,1620.0,1639.5,1620.0,1630.550048828125,10049887.0,1630.699951171875
2023-03-09,0.2824775279779937,0.602744917936471,0.114777555375607,1629.949951171875,1645.949951171875,1627.0,1630.699951171875,10350083.0,1588.6500244140625
2023-03-10,0.2533833884990354,0.6078108855016879,0.1388057265868222,1610.449951171875,1613.75,1585.0,1588.6500244140625,13693500.0,1588.6500244140625
2023-03-11,0.2533833884990354,0.6078108855016879,0.1388057265868222,1610.449951171875,1613.75,1585.0,1588.6500244140625,13693500.0,1588.6500244140625
2023-03-12,0.2533833884990354,0.6078108855016879,0.1388057265868222,1610.449951171875,1613.75,1585.0,1588.6500244140625,13693500.0,1568.550048828125
2023-03-13,0.2216154850477057,0.5828023765281569,0.1955821373011553,1587.9000244140625,1603.800048828125,1564.949951171875,1568.550048828125,13221775.0,1564.3499755859375
2023-03-14,0.2216154850477057,0.5828023765281569,0.1955821373011553,1570.25,1583.5999755859375,1559.300048828125,1564.3499755859375,16592806.0,1541.9000244140625
2023-03-15,0.2216154850477057,0.5828023765281569,0.1955821373011553,1578.0,1582.9000244140625,1536.5999755859375,1541.9000244140625,18632377.0,1551.9000244140625
2023-03-16,0.21631608993568,0.6468378429281267,0.136846056663768,1539.0,1559.0999755859375,1532.050048828125,1551.9000244140625,10876671.0,1572.6500244140625
2023-03-17,0.21631608993568,0.6468378429281267,0.136846056663768,1557.5,1579.199951171875,1540.0,1572.6500244140625,11475438.0,1572.6500244140625
2023-03-18,0.2370424581207083,0.5824103795394704,0.1805471745445518,1557.5,1579.199951171875,1540.0,1572.6500244140625,11475438.0,1572.6500244140625
2023-03-19,0.226960285648669,0.6727060132004596,0.1003336992192392,1557.5,1579.199951171875,1540.0,1572.6500244140625,11475438.0,1561.75
2023-03-20,0.226960285648669,0.6727060132004596,0.1003336992192392,1567.949951171875,1568.0999755859375,1545.4000244140625,1561.75,13251557.0,1579.449951171875
2023-03-21,0.2229260597801857,0.546221021192094,0.2308529120716221,1571.949951171875,1582.5,1556.199951171875,1579.449951171875,16525247.0,1575.800048828125
2023-03-22,0.1850953648058098,0.6094390756361896,0.2054655460164039,1584.0,1586.050048828125,1565.300048828125,1575.800048828125,7088662.0,1563.1500244140625
2023-03-23,0.2552505706031746,0.6192404027641206,0.1255090133795006,1567.75,1590.3499755859375,1558.550048828125,1563.1500244140625,14182089.0,1560.6500244140625
2023-03-24,0.2552505706031746,0.6192404027641206,0.1255090133795006,1560.0,1573.9000244140625,1554.949951171875,1560.6500244140625,15738874.0,1560.6500244140625
2023-03-25,0.2136245414149016,0.6249419590863197,0.1614334862274319,1560.0,1573.9000244140625,1554.949951171875,1560.6500244140625,15738874.0,1560.6500244140625
2023-03-26,0.2136245414149016,0.6249419590863197,0.1614334862274319,1560.0,1573.9000244140625,1554.949951171875,1560.6500244140625,15738874.0,1567.449951171875
2023-03-27,0.2136245414149016,0.6249419590863197,0.1614334862274319,1562.199951171875,1579.449951171875,1558.9000244140625,1567.449951171875,15936003.0,1580.199951171875
2023-03-28,0.1221530148978483,0.7034447383559724,0.1744022377222628,1565.699951171875,1582.9000244140625,1564.0999755859375,1580.199951171875,19638151.0,1587.800048828125
2023-03-29,0.1221530148978483,0.7034447383559724,0.1744022377222628,1584.0,1602.0,1581.9000244140625,1587.800048828125,19881806.0,1587.800048828125
2023-03-30,0.2336406771429917,0.6019491165876388,0.1644101827353652,1584.0,1602.0,1581.9000244140625,1587.800048828125,19881806.0,1609.550048828125
2023-03-31,0.1932301552505294,0.6465651055646909,0.1602047135065485,1595.5999755859375,1612.949951171875,1592.4000244140625,1609.550048828125,17355614.0,1609.550048828125
2023-04-01,0.1932301552505294,0.6465651055646909,0.1602047135065485,1595.5999755859375,1612.949951171875,1592.4000244140625,1609.550048828125,17355614.0,1609.550048828125
2023-04-02,0.2518436655495315,0.6185750994086265,0.1295812067203223,1595.5999755859375,1612.949951171875,1592.4000244140625,1609.550048828125,17355614.0,1610.550048828125
2023-04-03,0.1518224722454569,0.652336833933205,0.1958406958320553,1607.550048828125,1615.699951171875,1602.75,1610.550048828125,20012699.0,1610.550048828125
2023-04-04,0.1518224722454569,0.652336833933205,0.1958406958320553,1607.550048828125,1615.699951171875,1602.75,1610.550048828125,20012699.0,1653.75
2023-04-05,0.1086894844963569,0.6766210971311444,0.2146894223810661,1618.5999755859375,1656.0,1616.0,1653.75,21682696.0,1666.3499755859375
2023-04-06,0.1714212559676224,0.6588842781653644,0.1696944537576834,1648.550048828125,1669.199951171875,1647.0999755859375,1666.3499755859375,22318672.0,1666.3499755859375
2023-04-07,0.3257742674276233,0.5687421503663063,0.105483576292172,1648.550048828125,1669.199951171875,1647.0999755859375,1666.3499755859375,22318672.0,1666.3499755859375
2023-04-08,0.1863001356074629,0.4796996052528536,0.3340002484511324,1648.550048828125,1669.199951171875,1647.0999755859375,1666.3499755859375,22318672.0,1666.3499755859375
2023-04-09,0.220559702912421,0.4993200269401879,0.2801202761412069,1648.550048828125,1669.199951171875,1647.0999755859375,1666.3499755859375,22318672.0,1658.449951171875
2023-04-10,0.220559702912421,0.4993200269401879,0.2801202761412069,1663.25,1671.0,1654.0,1658.449951171875,15906643.0,1663.300048828125
2023-04-11,0.220559702912421,0.4993200269401879,0.2801202761412069,1659.0,1669.4000244140625,1651.0999755859375,1663.300048828125,21180771.0,1684.9000244140625
2023-04-12,0.220559702912421,0.4993200269401879,0.2801202761412069,1668.0,1688.199951171875,1667.800048828125,1684.9000244140625,13477752.0,1692.449951171875
2023-04-13,0.1503511842430187,0.6600056242125182,0.1896431924784314,1688.300048828125,1697.050048828125,1678.1500244140625,1692.449951171875,17665043.0,1692.449951171875
2023-04-14,0.136554418058141,0.5448575311650833,0.3185880390519741,1688.300048828125,1697.050048828125,1678.1500244140625,1692.449951171875,17665043.0,1692.449951171875
2023-04-15,0.136554418058141,0.5448575311650833,0.3185880390519741,1688.300048828125,1697.050048828125,1678.1500244140625,1692.449951171875,17665043.0,1692.449951171875
2023-04-16,0.136554418058141,0.5448575311650833,0.3185880390519741,1688.300048828125,1697.050048828125,1678.1500244140625,1692.449951171875,17665043.0,1666.6500244140625
2023-04-17,0.2203221193776698,0.552623157389462,0.2270547136868117,1720.0,1720.0,1653.300048828125,1666.6500244140625,16202574.0,1659.5999755859375
2023-04-18,0.1773769989591336,0.6757955162722925,0.1468274808380248,1670.0,1677.25,1656.4000244140625,1659.5999755859375,14818613.0,1665.699951171875
2023-04-19,0.1570733330766892,0.6719209108146883,0.1710057480282903,1665.0,1670.300048828125,1657.1500244140625,1665.699951171875,12370584.0,1671.9000244140625
2023-04-20,0.174588092202744,0.646245021914894,0.1791668793948536,1671.699951171875,1677.449951171875,1666.4000244140625,1671.9000244140625,16461358.0,1674.5999755859375
2023-04-21,0.1389175378608031,0.6681127909523172,0.1929696599682235,1669.0,1676.949951171875,1663.25,1674.5999755859375,10064309.0,1674.5999755859375
2023-04-22,0.1395652914972332,0.5510208177524554,0.3094138903248215,1669.0,1676.949951171875,1663.25,1674.5999755859375,10064309.0,1674.5999755859375
2023-04-23,0.1472296828859146,0.5435516786846247,0.3092186385427008,1669.0,1676.949951171875,1663.25,1674.5999755859375,10064309.0,1688.1500244140625
2023-04-24,0.0736782601856042,0.714869847538758,0.2114518835859478,1687.0,1691.449951171875,1674.0999755859375,1688.1500244140625,17837926.0,1664.1500244140625
2023-04-25,0.1279892926512688,0.7062918959991701,0.1657187905294626,1687.699951171875,1687.699951171875,1661.9000244140625,1664.1500244140625,25176534.0,1671.800048828125
2023-04-26,0.1501273924589221,0.644034186699267,0.2058384161356879,1660.0,1675.0,1655.0,1671.800048828125,13696375.0,1681.0
2023-04-27,0.1375148715084571,0.6900456588498431,0.1724394684695727,1670.5,1685.25,1665.8499755859375,1681.0,23895196.0,1687.5999755859375
2023-04-28,0.1402409089750084,0.7011048059719496,0.1586542850634894,1684.699951171875,1691.0,1670.0,1687.5999755859375,13958136.0,1687.5999755859375
2023-04-29,0.1402409089750084,0.7011048059719496,0.1586542850634894,1684.699951171875,1691.0,1670.0,1687.5999755859375,13958136.0,1687.5999755859375
2023-04-30,0.1402409089750084,0.7011048059719496,0.1586542850634894,1684.699951171875,1691.0,1670.0,1687.5999755859375,13958136.0,1687.5999755859375
2023-05-01,0.2237522860474806,0.5043268185626302,0.2719208989033682,1684.699951171875,1691.0,1670.0,1687.5999755859375,13958136.0,1687.25
2023-05-02,0.1244840207805667,0.7365701509702761,0.1389458224066864,1688.699951171875,1699.0,1682.0,1687.25,16110592.0,1693.1500244140625
2023-05-03,0.1337010677346623,0.679170187348958,0.1871287339962408,1684.949951171875,1696.0,1679.6500244140625,1693.1500244140625,14703635.0,1727.800048828125
2023-05-04,0.091348898901459,0.6133716396117186,0.2952794616242306,1687.0999755859375,1734.449951171875,1687.0999755859375,1727.800048828125,28427319.0,1625.6500244140625
2023-05-05,0.2391830385938562,0.5576027061928202,0.2032142517122405,1639.0,1660.949951171875,1622.0999755859375,1625.6500244140625,31385208.0,1625.6500244140625
2023-05-06,0.2391830385938562,0.5576027061928202,0.2032142517122405,1639.0,1660.949951171875,1622.0999755859375,1625.6500244140625,31385208.0,1625.6500244140625
2023-05-07,0.2391830385938562,0.5576027061928202,0.2032142517122405,1639.0,1660.949951171875,1622.0999755859375,1625.6500244140625,31385208.0,1644.449951171875
2023-05-08,0.2391830385938562,0.5576027061928202,0.2032142517122405,1635.0,1650.3499755859375,1630.0,1644.449951171875,18622262.0,1644.5
2023-05-09,0.0926887514914007,0.764838022190136,0.1424732238750208,1649.9000244140625,1656.0,1639.949951171875,1644.5,21844469.0,1652.0999755859375
2023-05-10,0.1292956837499233,0.7273872156279633,0.1433171087354196,1644.5,1654.6500244140625,1633.0999755859375,1652.0999755859375,23170275.0,1653.199951171875
2023-05-11,0.1659352847116628,0.6998865046882874,0.1341782097181636,1665.1500244140625,1688.0,1649.25,1653.199951171875,17867309.0,1667.800048828125
2023-05-12,0.1890999315073713,0.6195260747025411,0.1913739853499767,1647.0,1672.800048828125,1644.25,1667.800048828125,11239380.0,1667.800048828125
2023-05-13,0.1672610747960528,0.6643282056320459,0.1684107058847855,1647.0,1672.800048828125,1644.25,1667.800048828125,11239380.0,1667.800048828125
2023-05-14,0.0576503624016528,0.6894422208561617,0.2529074245077721,1647.0,1672.800048828125,1644.25,1667.800048828125,11239380.0,1675.800048828125
2023-05-15,0.0576503624016528,0.6894422208561617,0.2529074245077721,1672.0,1680.75,1665.0999755859375,1675.800048828125,9256130.0,1647.300048828125
2023-05-16,0.0576503624016528,0.6894422208561617,0.2529074245077721,1671.800048828125,1671.800048828125,1644.0,1647.300048828125,16361043.0,1638.449951171875
2023-05-17,0.0946102396192911,0.7099300331583148,0.19545973159961,1650.0,1650.0,1625.3499755859375,1638.449951171875,15233434.0,1645.0
2023-05-18,0.1154661313865862,0.732647397466106,0.1518864717257961,1648.0,1653.949951171875,1640.0,1645.0,24823471.0,1646.9000244140625
2023-05-19,0.1946301134155643,0.5885394111695424,0.2168304629322193,1648.0,1650.0,1631.550048828125,1646.9000244140625,15230166.0,1646.9000244140625
2023-05-20,0.4746740030149292,0.3703162546612714,0.1550097070683381,1648.0,1650.0,1631.550048828125,1646.9000244140625,15230166.0,1646.9000244140625
2023-05-21,0.1936228562146425,0.710469960172971,0.0959071725606917,1648.0,1650.0,1631.550048828125,1646.9000244140625,15230166.0,1641.050048828125
2023-05-22,0.1530211842546122,0.6889127530157566,0.1580660478405964,1645.0,1652.9000244140625,1632.699951171875,1641.050048828125,14167016.0,1637.199951171875
2023-05-23,0.1406538547000049,0.7032976434433035,0.1560484992140637,1649.0,1649.5999755859375,1633.449951171875,1637.199951171875,11235037.0,1615.800048828125
2023-05-24,0.1406538547000049,0.7032976434433035,0.1560484992140637,1627.550048828125,1634.75,1613.5999755859375,1615.800048828125,16794056.0,1609.5999755859375
2023-05-25,0.14321414813448,0.6293719671666622,0.2274138733145043,1615.699951171875,1620.050048828125,1597.3499755859375,1609.5999755859375,14888465.0,1615.800048828125
2023-05-26,0.14321414813448,0.6293719671666622,0.2274138733145043,1619.0,1619.0,1602.25,1615.800048828125,13317533.0,1615.800048828125
2023-05-27,0.1616984564186024,0.5602966176443979,0.2780049171078165,1619.0,1619.0,1602.25,1615.800048828125,13317533.0,1615.800048828125
2023-05-28,0.1408333638508338,0.6225771486759186,0.2365894948132335,1619.0,1619.0,1602.25,1615.800048828125,13317533.0,1635.5
2023-05-29,0.1099192065030752,0.7215997702739341,0.1684810300209024,1628.5,1641.0,1624.8499755859375,1635.5,10908146.0,1636.75
2023-05-30,0.1099192065030752,0.7215997702739341,0.1684810300209024,1633.5999755859375,1642.6500244140625,1628.550048828125,1636.75,18562964.0,1610.8499755859375
2023-05-31,0.1558936047290484,0.7158616407634278,0.1282447411027629,1629.9000244140625,1634.949951171875,1604.6500244140625,1610.8499755859375,21667135.0,1604.0
2023-06-01,0.1114312154901338,0.777939273796689,0.1106295080859966,1619.9000244140625,1619.9000244140625,1600.0,1604.0,25183469.0,1606.5
2023-06-02,0.2720851423262776,0.6280087924931409,0.0999060506352557,1612.449951171875,1614.800048828125,1601.0,1606.5,8929855.0,1606.5
2023-06-03,0.3363821492064743,0.6040958423167467,0.0595220082788727,1612.449951171875,1614.800048828125,1601.0,1606.5,8929855.0,1606.5
2023-06-04,0.1202384445769711,0.6577314236760139,0.2220301409065723,1612.449951171875,1614.800048828125,1601.0,1606.5,8929855.0,1604.4000244140625
2023-06-05,0.1202384445769711,0.6577314236760139,0.2220301409065723,1614.5,1616.5,1602.449951171875,1604.4000244140625,9348621.0,1599.4000244140625
2023-06-06,0.3441977019527664,0.5076533574476462,0.1481489320352861,1607.6500244140625,1609.8499755859375,1592.25,1599.4000244140625,16091426.0,1607.699951171875
2023-06-07,0.2846902669067136,0.5413243795625674,0.173985351793444,1603.449951171875,1612.550048828125,1596.0,1607.699951171875,12474513.0,1608.699951171875
2023-06-08,0.1967567215693871,0.6478105581487003,0.1554327035403769,1603.25,1626.0,1603.25,1608.699951171875,18697761.0,1610.5999755859375
2023-06-09,0.2169031374740289,0.6705198358021566,0.1125770509764273,1615.9000244140625,1618.5,1607.0,1610.5999755859375,9106289.0,1610.5999755859375
2023-06-10,0.2169031374740289,0.6705198358021566,0.1125770509764273,1615.9000244140625,1618.5,1607.0,1610.5999755859375,9106289.0,1610.5999755859375
2023-06-11,0.3633205053578738,0.5309908731800058,0.1056886434595545,1615.9000244140625,1618.5,1607.0,1610.5999755859375,9106289.0,1600.800048828125
2023-06-12,0.3238615826103341,0.5595374796539545,0.1166009254338859,1612.550048828125,1615.800048828125,1599.449951171875,1600.800048828125,6704146.0,1603.5
2023-06-13,0.3238615826103341,0.5595374796539545,0.1166009254338859,1590.0999755859375,1609.0,1590.0999755859375,1603.5,13963054.0,1601.75
2023-06-14,0.3238615826103341,0.5595374796539545,0.1166009254338859,1610.449951171875,1612.0,1600.199951171875,1601.75,10056984.0,1582.050048828125
2023-06-15,0.1966740284648646,0.6115441768067993,0.1917817968124937,1604.0,1605.949951171875,1579.0,1582.050048828125,17688738.0,1602.75
2023-06-16,0.280616902355622,0.5354999426752329,0.1838831502400959,1587.1500244140625,1609.199951171875,1584.0,1602.75,7889636.0,1602.75
2023-06-17,0.3466229153114877,0.5010436439821333,0.1523334445807625,1587.1500244140625,1609.199951171875,1584.0,1602.75,7889636.0,1602.75
2023-06-18,0.2708566718113918,0.5061885951242099,0.2229547161712414,1587.1500244140625,1609.199951171875,1584.0,1602.75,7889636.0,1604.1500244140625
2023-06-19,0.2079829509381885,0.6186117655252693,0.1734052616563901,1611.0,1614.25,1598.3499755859375,1604.1500244140625,12414573.0,1607.5
2023-06-20,0.1394235267472039,0.592634824787577,0.2679416424077417,1604.1500244140625,1611.0,1590.6500244140625,1607.5,10002813.0,1635.5999755859375
2023-06-21,0.0976419096432155,0.6231076368850839,0.2792504473022886,1616.0,1637.25,1611.0,1635.5999755859375,12154473.0,1643.5999755859375
2023-06-22,0.0512257302845162,0.7516994540180478,0.1970748052533183,1640.0,1657.550048828125,1639.050048828125,1643.5999755859375,28298070.0,1643.5
2023-06-23,0.1530424555360162,0.5415903931141071,0.3053671447332712,1637.550048828125,1659.9000244140625,1634.050048828125,1643.5,10669609.0,1643.5
2023-06-24,0.3376255332643631,0.4386772275343537,0.2236972532840445,1637.550048828125,1659.9000244140625,1634.050048828125,1643.5,10669609.0,1643.5
2023-06-25,0.1285960525313081,0.620861979573965,0.2505419716083755,1637.550048828125,1659.9000244140625,1634.050048828125,1643.5,10669609.0,1635.550048828125
2023-06-26,0.1749615769636315,0.5306902765177,0.2943481339129786,1645.0,1650.75,1628.699951171875,1635.550048828125,8065157.0,1658.5999755859375
2023-06-27,0.0838335453062827,0.7040930738904853,0.2120733815600796,1642.949951171875,1672.9000244140625,1638.550048828125,1658.5999755859375,16915932.0,1658.5999755859375
2023-06-28,0.0860183447883981,0.6609604061684675,0.2530212417182083,1658.5999755859375,1658.5999755859375,1658.5999755859375,1658.5999755859375,0.0,1658.5999755859375
2023-06-29,0.205993366288978,0.6432647209563483,0.1507419079912137,1658.5999755859375,1658.5999755859375,1658.5999755859375,1658.5999755859375,0.0,1701.4000244140625
2023-06-30,0.0697426045628483,0.66513968420708,0.2651176942026187,1704.0,1708.800048828125,1683.25,1701.4000244140625,20349508.0,1701.4000244140625
2023-07-01,0.1046823724409367,0.6196595552560845,0.275658063031733,1704.0,1708.800048828125,1683.25,1701.4000244140625,20349508.0,1701.4000244140625
2023-07-02,0.0717055076729393,0.6125467861132635,0.3157476915537819,1704.0,1708.800048828125,1683.25,1701.4000244140625,20349508.0,1719.800048828125
2023-07-03,0.0823371724659544,0.6291175855826218,0.2885452343472556,1712.5,1757.5,1710.0,1719.800048828125,22052058.0,1728.199951171875
2023-07-04,0.0997139964640014,0.6109677649318026,0.28931823074549,1723.449951171875,1747.0,1713.800048828125,1728.199951171875,19397594.0,1673.300048828125
2023-07-05,0.0997139964640014,0.6109677649318026,0.28931823074549,1716.25,1720.0,1668.550048828125,1673.300048828125,18582877.0,1675.0
2023-07-06,0.0997139964640014,0.6109677649318026,0.28931823074549,1673.0,1687.8499755859375,1660.4000244140625,1675.0,26078272.0,1660.4000244140625
2023-07-07,0.1863983109657195,0.6432905581851418,0.1703111183372899,1665.0,1675.0,1656.300048828125,1660.4000244140625,9963168.0,1660.4000244140625
2023-07-08,0.1464625572271254,0.675119124262804,0.1784183185495015,1665.0,1675.0,1656.300048828125,1660.4000244140625,9963168.0,1660.4000244140625
2023-07-09,0.1218920806151193,0.7292232794687152,0.1488846275994243,1665.0,1675.0,1656.300048828125,1660.4000244140625,9963168.0,1656.449951171875
2023-07-10,0.1302507804410362,0.7187214448032054,0.1510277562104447,1661.0,1676.75,1649.699951171875,1656.449951171875,19199221.0,1648.4000244140625
2023-07-11,0.1340462198125954,0.7214708028471853,0.144482969313325,1663.0,1676.0,1645.5,1648.4000244140625,25335213.0,1632.949951171875
2023-07-12,0.1340462198125954,0.7214708028471853,0.144482969313325,1655.3499755859375,1666.300048828125,1627.1500244140625,1632.949951171875,35479179.0,1641.0999755859375
2023-07-13,0.1340462198125954,0.7214708028471853,0.144482969313325,1656.699951171875,1657.449951171875,1638.050048828125,1641.0999755859375,20956773.0,1644.5
2023-07-14,0.151254023091557,0.6453268579163012,0.2034191174743075,1653.5999755859375,1653.5999755859375,1635.0,1644.5,12363607.0,1644.5
2023-07-15,0.329607215352749,0.5472377134012241,0.1231550579689735,1653.5999755859375,1653.5999755859375,1635.0,1644.5,12363607.0,1644.5
2023-07-16,0.1369778232058576,0.6625534623329129,0.2004686981963459,1653.5999755859375,1653.5999755859375,1635.0,1644.5,12363607.0,1678.9000244140625
2023-07-17,0.0821290926816774,0.6259367496273677,0.2919341529120511,1650.0,1682.0,1633.0,1678.9000244140625,24626464.0,1677.5
2023-07-18,0.1260525782391633,0.6367766130483832,0.2371708046122373,1698.0,1704.0,1670.0,1677.5,40538409.0,1685.0999755859375
2023-07-19,0.1424204306288932,0.624963895099548,0.2326156772440299,1681.0999755859375,1688.75,1675.0,1685.0999755859375,16467567.0,1688.75
2023-07-20,0.1106131241026827,0.6629433938137749,0.2264434797004522,1681.1500244140625,1692.0,1680.0,1688.75,28105474.0,1675.75
2023-07-21,0.1106131241026827,0.6629433938137749,0.2264434797004522,1680.0,1689.800048828125,1673.25,1675.75,21077124.0,1675.75
2023-07-22,0.1106131241026827,0.6629433938137749,0.2264434797004522,1680.0,1689.800048828125,1673.25,1675.75,21077124.0,1675.75
2023-07-23,0.1303257092949934,0.6074099156151836,0.2622643908446965,1680.0,1689.800048828125,1673.25,1675.75,21077124.0,1678.4000244140625
2023-07-24,0.1123909675285454,0.7498496051307197,0.1377594249935501,1678.5,1684.6500244140625,1670.0999755859375,1678.4000244140625,16089722.0,1696.5999755859375
2023-07-25,0.1192884281933258,0.7262290115993386,0.154482554880678,1684.6500244140625,1699.0,1678.4000244140625,1696.5999755859375,27996298.0,1690.699951171875
2023-07-26,0.1337481702196824,0.6645116793078105,0.2017401494825912,1699.5999755859375,1699.5999755859375,1688.0,1690.699951171875,12397179.0,1673.1500244140625
2023-07-27,0.103582261962999,0.7778765428678266,0.1185411954963845,1699.9000244140625,1703.0,1667.449951171875,1673.1500244140625,29870651.0,1643.5
2023-07-28,0.1628614039390336,0.7055986872200956,0.1315398997702938,1661.5,1668.9000244140625,1641.0999755859375,1643.5,20507842.0,1643.5
2023-07-29,0.3475559395706482,0.4496206389488401,0.2028233970112695,1661.5,1668.9000244140625,1641.0999755859375,1643.5,20507842.0,1643.5
2023-07-30,0.2261385831247584,0.5820445363911299,0.1918168629770381,1661.5,1668.9000244140625,1641.0999755859375,1643.5,20507842.0,1651.199951171875
2023-07-31,0.2417450537362707,0.617101379236291,0.1411535714948761,1650.050048828125,1656.800048828125,1638.699951171875,1651.199951171875,17282503.0,1662.25
2023-08-01,0.1723849418194731,0.6334826640086249,0.1941323944847681,1654.449951171875,1667.449951171875,1650.0,1662.25,17697094.0,1640.5
2023-08-02,0.1723849418194731,0.6334826640086249,0.1941323944847681,1642.0,1651.5,1633.1500244140625,1640.5,14058161.0,1628.6500244140625
2023-08-03,0.2249413941953597,0.5830124417053801,0.1920461538846471,1640.0,1651.3499755859375,1623.0,1628.6500244140625,28836973.0,1652.199951171875
2023-08-04,0.1392085595467623,0.5970790412937922,0.2637124039540668,1635.1500244140625,1656.5,1629.25,1652.199951171875,18694152.0,1652.199951171875
2023-08-05,0.1392085595467623,0.5970790412937922,0.2637124039540668,1635.1500244140625,1656.5,1629.25,1652.199951171875,18694152.0,1652.199951171875
2023-08-06,0.1948210433559923,0.5618365667760372,0.2433423731623716,1635.1500244140625,1656.5,1629.25,1652.199951171875,18694152.0,1651.25
2023-08-07,0.1684823088830203,0.6112039061626057,0.220313770732806,1663.0999755859375,1663.0999755859375,1647.550048828125,1651.25,14150459.0,1649.9000244140625
2023-08-08,0.1300732220232445,0.6394172511029527,0.2305095181766435,1651.699951171875,1655.5999755859375,1642.050048828125,1649.9000244140625,21886914.0,1650.5
2023-08-09,0.1543168609308059,0.6802543509337637,0.1654287826697896,1653.0,1654.5,1631.0999755859375,1650.5,16680618.0,1635.8499755859375
2023-08-10,0.2073579638707707,0.6150264081105099,0.1776156310570313,1647.050048828125,1654.25,1631.0,1635.8499755859375,25390559.0,1618.800048828125
2023-08-11,0.1627961166192438,0.6118106436661699,0.2253932287048717,1638.4000244140625,1638.4000244140625,1616.199951171875,1618.800048828125,14112911.0,1618.800048828125
2023-08-12,0.2538428240643244,0.5424729677055169,0.203684195237993,1638.4000244140625,1638.4000244140625,1616.199951171875,1618.800048828125,14112911.0,1618.800048828125
2023-08-13,0.1842898335557297,0.6286138087511063,0.1870963495623852,1638.4000244140625,1638.4000244140625,1616.199951171875,1618.800048828125,14112911.0,1610.9000244140625
2023-08-14,0.1557734755739612,0.6172989440085583,0.2269275748105935,1611.0,1615.0,1600.25,1610.9000244140625,15652205.0,1610.9000244140625
2023-08-15,0.1557734755739612,0.6172989440085583,0.2269275748105935,1611.0,1615.0,1600.25,1610.9000244140625,15652205.0,1606.199951171875
2023-08-16,0.1380934447469395,0.637779086943617,0.2241274597601289,1583.0999755859375,1609.6500244140625,1581.300048828125,1606.199951171875,17068771.0,1597.300048828125
2023-08-17,0.1718744472159267,0.6469384582052308,0.1811870879647622,1597.5999755859375,1609.9000244140625,1594.0,1597.300048828125,26442020.0,1590.75
2023-08-18,0.1221018144682569,0.6446187072139871,0.2332794697753883,1587.550048828125,1596.300048828125,1585.5,1590.75,12816683.0,1590.75
2023-08-19,0.1221018144682569,0.6446187072139871,0.2332794697753883,1587.550048828125,1596.300048828125,1585.5,1590.75,12816683.0,1590.75
2023-08-20,0.2254975366178603,0.5530415466901931,0.2214609349929642,1587.550048828125,1596.300048828125,1585.5,1590.75,12816683.0,1589.5
2023-08-21,0.1477648957984258,0.6381113051801272,0.2141238043322632,1600.5,1600.5,1587.0,1589.5,10918635.0,1582.699951171875
2023-08-22,0.1622268501782623,0.6194719052321073,0.2183012349562624,1596.3499755859375,1598.0,1580.0,1582.699951171875,16136785.0,1586.5999755859375
2023-08-23,0.134152005359701,0.6002348141501779,0.2656131743710858,1580.0,1590.550048828125,1573.25,1586.5999755859375,18249294.0,1579.300048828125
2023-08-24,0.1704952146561523,0.5984829170087915,0.2310218569459826,1593.300048828125,1596.199951171875,1576.1500244140625,1579.300048828125,21572896.0,1561.5
2023-08-25,0.1704952146561523,0.5984829170087915,0.2310218569459826,1574.550048828125,1577.5,1558.4000244140625,1561.5,15034878.0,1561.5
2023-08-26,0.1910309794595163,0.5806359785115894,0.2283330425818669,1574.550048828125,1577.5,1558.4000244140625,1561.5,15034878.0,1561.5
2023-08-27,0.1910309794595163,0.5806359785115894,0.2283330425818669,1574.550048828125,1577.5,1558.4000244140625,1561.5,15034878.0,1577.75
2023-08-28,0.1417736412280783,0.6529765924755132,0.2052497529547731,1561.5,1582.6500244140625,1561.5,1577.75,14433619.0,1590.300048828125
2023-08-29,0.1417736412280783,0.6529765924755132,0.2052497529547731,1589.699951171875,1592.6500244140625,1581.449951171875,1590.300048828125,17769466.0,1578.699951171875
2023-08-30,0.128292711280742,0.5867848785970597,0.2849223887537943,1603.949951171875,1603.949951171875,1573.699951171875,1578.699951171875,14042102.0,1571.449951171875
2023-08-31,0.1523049722014915,0.614158733130506,0.2335362950172484,1579.0,1583.1500244140625,1563.0999755859375,1571.449951171875,50037886.0,1574.699951171875
2023-09-01,0.1523049722014915,0.614158733130506,0.2335362950172484,1571.0,1579.0,1559.3499755859375,1574.699951171875,21613388.0,1574.699951171875
2023-09-02,0.2266332834745601,0.4873484529865284,0.2860182609195665,1571.0,1579.0,1559.3499755859375,1574.699951171875,21613388.0,1574.699951171875
2023-09-03,0.2813340481370687,0.5254976174483696,0.1931683305030067,1571.0,1579.0,1559.3499755859375,1574.699951171875,21613388.0,1584.550048828125
2023-09-04,0.1466827297240824,0.6153550309293411,0.2379622233264586,1590.0,1591.449951171875,1574.9000244140625,1584.550048828125,12536819.0,1574.9000244140625
2023-09-05,0.1837361788430895,0.5799347911316615,0.2363290275053049,1588.4000244140625,1588.4000244140625,1570.5999755859375,1574.9000244140625,19356041.0,1595.5
2023-09-06,0.0896568903875238,0.6373123580871044,0.273030750875203,1576.800048828125,1600.0,1574.9000244140625,1595.5,28160455.0,1610.8499755859375
2023-09-07,0.0871274960595874,0.5903184025641938,0.3225541008426909,1595.5,1614.0,1587.1500244140625,1610.8499755859375,17104171.0,1623.4000244140625
2023-09-08,0.1065490569264834,0.6327738801638285,0.2606770648641718,1608.300048828125,1632.9000244140625,1607.5999755859375,1623.4000244140625,17251105.0,1623.4000244140625
2023-09-09,0.1948258998781327,0.5445858625074228,0.2605882334571919,1608.300048828125,1632.9000244140625,1607.5999755859375,1623.4000244140625,17251105.0,1623.4000244140625
2023-09-10,0.2347626835794844,0.6089302875467988,0.1563070102243638,1608.300048828125,1632.9000244140625,1607.5999755859375,1623.4000244140625,17251105.0,1631.800048828125
2023-09-11,0.1547959046601535,0.6018220047579608,0.2433820878782213,1628.9000244140625,1636.5,1624.0,1631.800048828125,15786511.0,1636.9000244140625
2023-09-12,0.1269137263393981,0.58991627895611,0.2831699950159987,1640.0,1642.9000244140625,1625.050048828125,1636.9000244140625,19516670.0,1643.9000244140625
2023-09-13,0.1294832627570238,0.5962707058867753,0.2742460362110655,1631.300048828125,1651.5999755859375,1628.5999755859375,1643.9000244140625,23210047.0,1642.9000244140625
2023-09-14,0.1539876088654307,0.6113230765135174,0.2346892946382917,1644.25,1650.0,1635.0999755859375,1642.9000244140625,11769424.0,1661.75
2023-09-15,0.1358994531897329,0.6796365969475041,0.1844639435524207,1650.0,1670.0,1650.0,1661.75,86705601.0,1661.75
2023-09-16,0.2748464334193461,0.4693452159494714,0.2558083571234925,1650.0,1670.0,1650.0,1661.75,86705601.0,1661.75
2023-09-17,0.1420200253189427,0.5832797447900947,0.2747002460812104,1650.0,1670.0,1650.0,1661.75,86705601.0,1629.050048828125
2023-09-18,0.2011802373754401,0.6045076411658077,0.1943121195034754,1653.75,1655.0,1626.0999755859375,1629.050048828125,18528144.0,1629.050048828125
2023-09-19,0.1491904905036113,0.6036403603245353,0.2471691560796136,1653.75,1655.0,1626.0999755859375,1629.050048828125,18528144.0,1563.699951171875
2023-09-20,0.1946303727338381,0.6223237388440795,0.1830458858290232,1599.0,1599.0,1560.4000244140625,1563.699951171875,57737324.0,1553.3499755859375
2023-09-21,0.151549485320176,0.6484737172999275,0.1999767908916319,1553.0,1568.949951171875,1537.050048828125,1553.3499755859375,36420721.0,1529.6500244140625
2023-09-22,0.151549485320176,0.6484737172999275,0.1999767908916319,1559.0,1564.4000244140625,1523.75,1529.6500244140625,30852125.0,1529.6500244140625
2023-09-23,0.1865130391104633,0.6119432528720838,0.2015437009857497,1559.0,1564.4000244140625,1523.75,1529.6500244140625,30852125.0,1529.6500244140625
2023-09-24,0.1865130391104633,0.6119432528720838,0.2015437009857497,1559.0,1564.4000244140625,1523.75,1529.6500244140625,30852125.0,1531.0
2023-09-25,0.134768493621564,0.652902357970123,0.2123291477342538,1525.0,1540.699951171875,1525.0,1531.0,20104377.0,1537.6500244140625
2023-09-26,0.1690581533527254,0.6545817368492788,0.17636009812241,1525.0,1540.0,1525.0,1537.6500244140625,13787654.0,1526.8499755859375
2023-09-27,0.1427982310567091,0.6456736711704213,0.211528098618146,1523.0,1532.5,1515.0,1526.8499755859375,19669269.0,1523.699951171875
2023-09-28,0.1452850363114928,0.6276356053121132,0.2270793525907531,1534.0,1537.5999755859375,1518.3499755859375,1523.699951171875,27677094.0,1526.300048828125
2023-09-29,0.1551535079268725,0.6724927847475543,0.1723536991488214,1523.699951171875,1535.449951171875,1522.300048828125,1526.300048828125,16026891.0,1526.300048828125
2023-09-30,0.2413468598388135,0.6342377662658691,0.1244154516607522,1523.699951171875,1535.449951171875,1522.300048828125,1526.300048828125,16026891.0,1526.300048828125
2023-10-01,0.2413468598388135,0.6342377662658691,0.1244154516607522,1523.699951171875,1535.449951171875,1522.300048828125,1526.300048828125,16026891.0,1526.300048828125
2023-10-02,0.1685820153684795,0.5860322872694168,0.245385685780396,1523.699951171875,1535.449951171875,1522.300048828125,1526.300048828125,16026891.0,1508.050048828125
2023-10-03,0.1685820153684795,0.5860322872694168,0.245385685780396,1527.0,1527.0,1506.0,1508.050048828125,19485847.0,1529.550048828125
2023-10-04,0.1685820153684795,0.5860322872694168,0.245385685780396,1495.0,1535.0,1489.25,1529.550048828125,27324715.0,1535.75
2023-10-05,0.113008922833192,0.6575988168273159,0.2293922614877704,1535.050048828125,1551.550048828125,1532.5999755859375,1535.75,24256337.0,1534.050048828125
2023-10-06,0.1497021991604318,0.6572610185614653,0.193036756733255,1544.0,1545.0,1529.8499755859375,1534.050048828125,8879678.0,1534.050048828125
2023-10-07,0.1497021991604318,0.6572610185614653,0.193036756733255,1544.0,1545.0,1529.8499755859375,1534.050048828125,8879678.0,1534.050048828125
2023-10-08,0.2804768971537294,0.6121033281087875,0.1074197544880649,1544.0,1545.0,1529.8499755859375,1534.050048828125,8879678.0,1516.25
2023-10-09,0.1752318307907709,0.6757631838087022,0.1490049802250866,1528.0,1530.0,1512.0,1516.25,8227486.0,1524.8499755859375
2023-10-10,0.1662684566740478,0.6993056902928012,0.1344258548824914,1520.550048828125,1529.0,1515.199951171875,1524.8499755859375,16633146.0,1539.5999755859375
2023-10-11,0.1336655337028954,0.6506940418019377,0.2156404098174694,1530.0999755859375,1542.1500244140625,1528.5,1539.5999755859375,15666680.0,1549.8499755859375
2023-10-12,0.1305034208497213,0.6116620150820936,0.2578345528345996,1536.0999755859375,1552.0,1531.5999755859375,1549.8499755859375,11012668.0,1535.75
2023-10-13,0.1305034208497213,0.6116620150820936,0.2578345528345996,1540.0,1548.800048828125,1529.949951171875,1535.75,19872650.0,1535.75
2023-10-14,0.2501386112635373,0.5730208439053968,0.17684053931589,1540.0,1548.800048828125,1529.949951171875,1535.75,19872650.0,1535.75
2023-10-15,0.0915049180464568,0.7204691729006859,0.1880258787065171,1540.0,1548.800048828125,1529.949951171875,1535.75,19872650.0,1529.5999755859375
2023-10-16,0.0915049180464568,0.7204691729006859,0.1880258787065171,1531.5,1534.449951171875,1520.5,1529.5999755859375,8928042.0,1541.199951171875
2023-10-17,0.2714395600809371,0.6098350187640819,0.1187254243382228,1555.75,1555.75,1535.0,1541.199951171875,16451279.0,1519.75
2023-10-18,0.2714395600809371,0.6098350187640819,0.1187254243382228,1541.199951171875,1541.199951171875,1518.0999755859375,1519.75,15608100.0,1514.949951171875
2023-10-19,0.5615482330322266,0.4158230486015479,0.0226287289988248,1505.4000244140625,1526.25,1503.199951171875,1514.949951171875,15126182.0,1522.800048828125
2023-10-20,0.1856798946908674,0.6064086978137493,0.2079114067852497,1505.0,1527.0,1505.0,1522.800048828125,10547005.0,1522.800048828125
2023-10-21,0.1856798946908674,0.6064086978137493,0.2079114067852497,1505.0,1527.0,1505.0,1522.800048828125,10547005.0,1522.800048828125
2023-10-22,0.1912335883696666,0.6333059326021208,0.1754604725671621,1505.0,1527.0,1505.0,1522.800048828125,10547005.0,1506.050048828125
2023-10-23,0.3971455171704292,0.565433070063591,0.0374214183539152,1523.5,1528.75,1500.0999755859375,1506.050048828125,11188068.0,1506.050048828125
2023-10-24,0.3467089889241226,0.427345622330904,0.2259453769773244,1523.5,1528.75,1500.0999755859375,1506.050048828125,11188068.0,1496.5
2023-10-25,0.1594396733774126,0.6794724164361303,0.161087918749333,1521.0,1522.800048828125,1491.449951171875,1496.5,14155998.0,1463.4000244140625
2023-10-26,0.2363590398477083,0.5971713468407918,0.1664696098136788,1491.25,1492.0,1460.25,1463.4000244140625,27780899.0,1469.1500244140625
2023-10-27,0.2363590398477083,0.5971713468407918,0.1664696098136788,1469.5,1478.0,1466.9000244140625,1469.1500244140625,15970266.0,1469.1500244140625
2023-10-28,0.1606185497434506,0.6254547173807095,0.2139267101721448,1469.5,1478.0,1466.9000244140625,1469.1500244140625,15970266.0,1469.1500244140625
2023-10-29,0.1606185497434506,0.6254547173807095,0.2139267101721448,1469.5,1478.0,1466.9000244140625,1469.1500244140625,15970266.0,1485.0999755859375
2023-10-30,0.1606185497434506,0.6254547173807095,0.2139267101721448,1463.25,1489.949951171875,1461.9000244140625,1485.0999755859375,11655491.0,1476.5
2023-10-31,0.2516466748074162,0.5575655595771969,0.1907877587992697,1504.0,1504.0,1474.0,1476.5,16317412.0,1474.5
2023-11-01,0.2516466748074162,0.5575655595771969,0.1907877587992697,1462.25,1477.449951171875,1462.25,1474.5,16938733.0,1476.75
2023-11-02,0.2516466748074162,0.5575655595771969,0.1907877587992697,1485.0,1490.5,1467.1500244140625,1476.75,22612577.0,1483.75
2023-11-03,0.2007110629205566,0.6353364340658929,0.163952479145263,1488.0,1491.4000244140625,1481.6500244140625,1483.75,9047670.0,1483.75
2023-11-04,0.2007110629205566,0.6353364340658929,0.163952479145263,1488.0,1491.4000244140625,1481.6500244140625,1483.75,9047670.0,1483.75
2023-11-05,0.2007110629205566,0.6353364340658929,0.163952479145263,1488.0,1491.4000244140625,1481.6500244140625,1483.75,9047670.0,1494.5
2023-11-06,0.1635961610578103,0.6683038573298189,0.1680999808815411,1498.0,1498.0,1483.0,1494.5,12796865.0,1487.25
2023-11-07,0.1618225601164288,0.6670498428447695,0.1711275783796491,1494.0,1494.0,1477.199951171875,1487.25,20976424.0,1491.550048828125
2023-11-08,0.1632062884243416,0.6469435133463279,0.1898502012349622,1483.949951171875,1493.449951171875,1481.0,1491.550048828125,15699773.0,1485.6500244140625
2023-11-09,0.2365812060518443,0.55913290142251,0.2042858664433217,1486.0,1492.5999755859375,1483.5,1485.6500244140625,11058370.0,1491.5
2023-11-10,0.251705847783125,0.5521155732373396,0.1961785671134878,1480.0999755859375,1496.0,1480.050048828125,1491.5,7007593.0,1491.5
2023-11-11,0.251705847783125,0.5521155732373396,0.1961785671134878,1480.0999755859375,1496.0,1480.050048828125,1491.5,7007593.0,1491.5
2023-11-12,0.1095994174480437,0.7093874524037044,0.1810131158679723,1480.0999755859375,1496.0,1480.050048828125,1491.5,7007593.0,1488.800048828125
2023-11-13,0.1095994174480437,0.7093874524037044,0.1810131158679723,1492.0999755859375,1495.949951171875,1485.9000244140625,1488.800048828125,10302957.0,1488.800048828125
2023-11-14,0.1975065136743385,0.621063522954026,0.1814299525855027,1492.0999755859375,1495.949951171875,1485.9000244140625,1488.800048828125,10302957.0,1504.4000244140625
2023-11-15,0.1169785038188197,0.6891902166565782,0.1938312819815779,1504.0999755859375,1510.949951171875,1500.550048828125,1504.4000244140625,20622730.0,1508.3499755859375
2023-11-16,0.1828667772524813,0.6224109590607317,0.1947222445317468,1509.699951171875,1519.0,1503.75,1508.3499755859375,14856919.0,1505.0999755859375
2023-11-17,0.2515697407676877,0.6064418070988419,0.1419884474671562,1490.0,1507.5,1489.0,1505.0999755859375,11850937.0,1505.0999755859375
2023-11-18,0.3251733048819005,0.5694830043671223,0.105343666473905,1490.0,1507.5,1489.0,1505.0999755859375,11850937.0,1505.0999755859375
2023-11-19,0.0621181683614849,0.6764658806845546,0.2614159110933542,1490.0,1507.5,1489.0,1505.0999755859375,11850937.0,1505.199951171875
2023-11-20,0.0621181683614849,0.6764658806845546,0.2614159110933542,1513.0,1513.0,1501.550048828125,1505.199951171875,9665726.0,1517.949951171875
2023-11-21,0.1313001389603297,0.661366449860044,0.2073333960038442,1519.0,1522.0,1512.0999755859375,1517.949951171875,12479986.0,1512.550048828125
2023-11-22,0.2316915415488465,0.6330843691460111,0.135224088222127,1520.0,1520.0,1503.550048828125,1512.550048828125,14561825.0,1521.300048828125
2023-11-23,0.2316915415488465,0.6330843691460111,0.135224088222127,1508.5,1523.8499755859375,1508.5,1521.300048828125,6523110.0,1532.0999755859375
2023-11-24,0.0056449100375175,0.1565427482128143,0.8378123044967651,1521.199951171875,1533.1500244140625,1519.8499755859375,1532.0999755859375,8234596.0,1532.0999755859375
2023-11-25,0.1449059028184423,0.579994801336374,0.2750992809589474,1521.199951171875,1533.1500244140625,1519.8499755859375,1532.0999755859375,8234596.0,1532.0999755859375
2023-11-26,0.1158270941395312,0.5914129364490509,0.2927599538490176,1521.199951171875,1533.1500244140625,1519.8499755859375,1532.0999755859375,8234596.0,1532.0999755859375
2023-11-27,0.3077963007381186,0.4981937259435653,0.1940099569037556,1521.199951171875,1533.1500244140625,1519.8499755859375,1532.0999755859375,8234596.0,1528.6500244140625
2023-11-28,0.1343553657175659,0.7118747684164582,0.1537698642437772,1535.199951171875,1537.25,1525.800048828125,1528.6500244140625,14244669.0,1559.1500244140625
2023-11-29,0.1965152754477175,0.5958874225752084,0.2075973052477228,1533.9000244140625,1563.0,1533.0,1559.1500244140625,17021244.0,1558.800048828125
2023-11-30,0.2208654166660176,0.6595887988805771,0.1195457832156015,1569.1500244140625,1572.449951171875,1542.1500244140625,1558.800048828125,34745720.0,1555.4000244140625
2023-12-01,0.1145766804970445,0.7292006637841936,0.1562226393688765,1557.9000244140625,1565.75,1552.0999755859375,1555.4000244140625,11076768.0,1555.4000244140625
2023-12-02,0.2618324799152712,0.5609799223641555,0.1771875693618009,1557.9000244140625,1565.75,1552.0999755859375,1555.4000244140625,11076768.0,1555.4000244140625
2023-12-03,0.1389201584653081,0.7013905055143617,0.159689332104542,1557.9000244140625,1565.75,1552.0999755859375,1555.4000244140625,11076768.0,1609.4000244140625
2023-12-04,0.1389201584653081,0.7013905055143617,0.159689332104542,1588.0,1612.0,1573.6500244140625,1609.4000244140625,25331228.0,1623.699951171875
2023-12-05,0.1032018568874216,0.6748452200434911,0.2219529184632193,1636.5,1639.0,1616.5,1623.699951171875,26115410.0,1627.800048828125
2023-12-06,0.104541510319373,0.6313944169105246,0.2640640664415863,1638.449951171875,1638.449951171875,1616.6500244140625,1627.800048828125,19306530.0,1630.449951171875
2023-12-07,0.1466337556810548,0.6756703571606708,0.1776958704770852,1625.0,1634.0,1616.199951171875,1630.449951171875,10225193.0,1653.199951171875
2023-12-08,0.1466337556810548,0.6756703571606708,0.1776958704770852,1630.449951171875,1655.0,1630.449951171875,1653.199951171875,16864019.0,1653.199951171875
2023-12-09,0.1613538503483373,0.6704933109911199,0.1681528286215789,1630.449951171875,1655.0,1630.449951171875,1653.199951171875,16864019.0,1653.199951171875
2023-12-10,0.1215883703359091,0.60097109598832,0.2774405198094124,1630.449951171875,1655.0,1630.449951171875,1653.199951171875,16864019.0,1651.0
2023-12-11,0.1285267891245893,0.6652202303388289,0.2062529820682746,1650.050048828125,1663.699951171875,1647.0,1651.0,11593810.0,1634.5999755859375
2023-12-12,0.1119113510644565,0.6950760929593964,0.1930125524615129,1654.199951171875,1656.25,1631.8499755859375,1634.5999755859375,18290738.0,1630.9000244140625
2023-12-13,0.2081934625597889,0.6054264186497997,0.1863801098099964,1632.449951171875,1636.0,1615.0999755859375,1630.9000244140625,14673457.0,1650.1500244140625
2023-12-14,0.2081934625597889,0.6054264186497997,0.1863801098099964,1646.0,1658.949951171875,1645.0,1650.1500244140625,17586183.0,1656.550048828125
2023-12-15,0.1171029637585762,0.6755178093123411,0.2073792203144844,1650.0,1668.0,1646.5999755859375,1656.550048828125,69418565.0,1656.550048828125
2023-12-16,0.1002436545335084,0.5543493190232445,0.3454070005921975,1650.0,1668.0,1646.5999755859375,1656.550048828125,69418565.0,1656.550048828125
2023-12-17,0.1002436545335084,0.5543493190232445,0.3454070005921975,1650.0,1668.0,1646.5999755859375,1656.550048828125,69418565.0,1655.699951171875
2023-12-18,0.1529576847795396,0.6576195082203908,0.1894227943891151,1660.699951171875,1664.699951171875,1650.949951171875,1655.699951171875,9007377.0,1652.9000244140625
2023-12-19,0.1917793718908636,0.61328218586661,0.1949384384814158,1650.0,1658.6500244140625,1644.050048828125,1652.9000244140625,12004223.0,1657.0
2023-12-20,0.1195784670016685,0.6914442685697604,0.1889772501885207,1658.0,1668.949951171875,1644.449951171875,1657.0,17116260.0,1686.699951171875
2023-12-21,0.1104760335664959,0.6484231828489733,0.2411007724352521,1657.0,1689.75,1650.25,1686.699951171875,18294620.0,1670.8499755859375
2023-12-22,0.1245639249911439,0.6825027758041855,0.1929332847182786,1683.5999755859375,1685.9000244140625,1667.0999755859375,1670.8499755859375,24289425.0,1670.8499755859375
2023-12-23,0.2704129516103759,0.5874121527858945,0.1421749007476623,1683.5999755859375,1685.9000244140625,1667.0999755859375,1670.8499755859375,24289425.0,1670.8499755859375
2023-12-24,0.195468921766376,0.5415827848257557,0.2629482814771753,1683.5999755859375,1685.9000244140625,1667.0999755859375,1670.8499755859375,24289425.0,1670.8499755859375
2023-12-25,0.2493755829227329,0.654233590596252,0.0963908243596691,1683.5999755859375,1685.9000244140625,1667.0999755859375,1670.8499755859375,24289425.0,1682.449951171875
2023-12-26,0.2289044697982001,0.5907686608645352,0.1803268608810538,1673.25,1685.949951171875,1668.550048828125,1682.449951171875,9022928.0,1703.300048828125
2023-12-27,0.1163037312632825,0.6674051986608122,0.2162910518569073,1681.5,1706.5,1678.5999755859375,1703.300048828125,13504539.0,1705.25
2023-12-28,0.1163037312632825,0.6674051986608122,0.2162910518569073,1709.300048828125,1721.4000244140625,1702.0,1705.25,22038235.0,1709.25
2023-12-29,0.1078452887585765,0.5973492894416391,0.2948054256020271,1697.0,1714.9000244140625,1696.0,1709.25,12505713.0,1709.25
2023-12-30,0.1078452887585765,0.5973492894416391,0.2948054256020271,1697.0,1714.9000244140625,1696.0,1709.25,12505713.0,1709.25
